"","Channel 1 Last (F)","Channel 1 Ave. (F)","Channel 1 Min. (F)","Channel 1 Max. (F)"
"00:00:00","73.288","73.259","73.235","73.288"
"00:00:01","73.248","73.261","73.248","73.278"
"00:00:02","73.308","73.269","73.248","73.308"
"00:00:03","73.341","73.345","73.321","73.361"
"00:00:04","73.381","73.370","73.358","73.381"
"00:00:05","73.388","73.386","73.382","73.388"
"00:00:06","73.335","73.356","73.335","73.375"
"00:00:07","73.336","73.337","73.329","73.342"
"00:00:08","73.343","73.342","73.336","73.349"
"00:00:09","73.362","73.355","73.346","73.362"
"00:00:10","73.363","73.359","73.349","73.369"
"00:00:11","73.356","73.359","73.350","73.369"
"00:00:12","73.357","73.355","73.337","73.370"
"00:00:13","73.364","73.358","73.350","73.364"
"00:00:14","73.384","73.375","73.364","73.384"
"00:00:15","73.364","73.385","73.364","73.391"
"00:00:16","73.351","73.370","73.351","73.384"
"00:00:17","73.344","73.349","73.344","73.351"
"00:00:18","73.365","73.365","73.345","73.384"
"00:00:19","73.444","73.395","73.368","73.444"
"00:00:20","73.564","73.495","73.448","73.564"
"00:00:21","73.643","73.603","73.567","73.643"
"00:00:22","73.869","73.766","73.666","73.869"
"00:00:23","74.081","73.980","73.885","74.081"
"00:00:24","74.134","74.119","74.091","74.141"
"00:00:25","74.121","74.128","74.114","74.147"
"00:00:26","74.148","74.153","74.134","74.168"
"00:00:27","74.102","74.120","74.102","74.138"
"00:00:28","74.016","74.061","74.016","74.102"
"00:00:29","73.956","73.979","73.956","74.012"
"00:00:30","73.877","73.905","73.877","73.936"
"00:00:31","73.824","73.835","73.818","73.864"
"00:00:32","73.778","73.796","73.778","73.815"
"00:00:33","73.739","73.756","73.739","73.775"
"00:00:34","73.706","73.723","73.706","73.739"
"00:00:35","73.659","73.678","73.659","73.699"
"00:00:36","73.640","73.654","73.640","73.660"
"00:00:37","73.508","73.565","73.508","73.620"
"00:00:38","73.422","73.458","73.422","73.498"
"00:00:39","73.349","73.381","73.349","73.419"
"00:00:40","73.297","73.318","73.297","73.339"
"00:00:41","73.297","73.290","73.283","73.297"
"00:00:42","73.304","73.303","73.297","73.310"
"00:00:43","73.317","73.303","73.297","73.317"
"00:00:44","73.311","73.311","73.304","73.317"
"00:00:45","73.291","73.301","73.291","73.317"
"00:00:46","73.285","73.299","73.285","73.304"
"00:00:47","73.285","73.291","73.285","73.298"
"00:00:48","73.285","73.285","73.278","73.291"
"00:00:49","73.285","73.285","73.272","73.298"
"00:00:50","73.312","73.295","73.272","73.312"
"00:00:51","73.306","73.305","73.299","73.309"
"00:00:52","73.333","73.312","73.299","73.333"
"00:00:53","73.286","73.316","73.286","73.333"
"00:00:54","73.293","73.269","73.260","73.293"
"00:00:55","73.360","73.332","73.303","73.360"
"00:00:56","73.346","73.358","73.346","73.373"
"00:00:57","73.314","73.327","73.314","73.340"
"00:00:58","73.274","73.296","73.274","73.310"
"00:00:59","73.327","73.287","73.261","73.327"
"00:01:00","73.281","73.303","73.281","73.317"
"00:01:01","73.268","73.262","73.248","73.271"
"00:01:02","73.242","73.247","73.235","73.265"
"00:01:03","73.242","73.241","73.235","73.248"
"00:01:04","73.249","73.245","73.236","73.249"
"00:01:05","73.249","73.257","73.249","73.269"
"00:01:06","73.243","73.246","73.229","73.256"
"00:01:07","73.223","73.224","73.210","73.236"
"00:01:08","73.157","73.179","73.157","73.213"
"00:01:09","73.164","73.156","73.150","73.164"
"00:01:10","73.191","73.173","73.151","73.191"
"00:01:11","73.191","73.192","73.191","73.197"
"00:01:12","73.211","73.201","73.191","73.211"
"00:01:13","73.258","73.235","73.214","73.258"
"00:01:14","73.331","73.304","73.271","73.331"
"00:01:15","73.324","73.343","73.324","73.357"
"00:01:16","73.298","73.310","73.298","73.324"
"00:01:17","73.325","73.325","73.305","73.338"
"00:01:18","73.312","73.311","73.305","73.318"
"00:01:19","73.319","73.317","73.305","73.325"
"00:01:20","73.339","73.322","73.312","73.339"
"00:01:21","73.339","73.343","73.339","73.352"
"00:01:22","73.346","73.340","73.332","73.346"
"00:01:23","73.366","73.352","73.346","73.366"
"00:01:24","73.386","73.384","73.373","73.393"
"00:01:25","73.399","73.397","73.389","73.399"
"00:01:26","73.400","73.398","73.386","73.413"
"00:01:27","73.367","73.387","73.367","73.396"
"00:01:28","73.347","73.353","73.347","73.363"
"00:01:29","73.327","73.336","73.321","73.354"
"00:01:30","73.295","73.316","73.295","73.341"
"00:01:31","73.308","73.302","73.295","73.308"
"00:01:32","73.288","73.307","73.288","73.315"
"00:01:33","73.282","73.295","73.282","73.302"
"00:01:34","73.302","73.300","73.292","73.302"
"00:01:35","73.263","73.278","73.263","73.295"
"00:01:36","73.250","73.257","73.250","73.263"
"00:01:37","73.210","73.225","73.210","73.243"
"00:01:38","73.184","73.198","73.184","73.224"
"00:01:39","73.151","73.166","73.151","73.181"
"00:01:40","73.151","73.159","73.151","73.171"
"00:01:41","73.158","73.150","73.145","73.158"
"00:01:42","73.165","73.158","73.152","73.165"
"00:01:43","73.185","73.173","73.165","73.185"
"00:01:44","73.205","73.189","73.185","73.205"
"00:01:45","73.219","73.214","73.199","73.225"
"00:01:46","73.245","73.233","73.222","73.245"
"00:01:47","73.272","73.257","73.245","73.272"
"00:01:48","73.319","73.288","73.272","73.319"
"00:01:49","73.319","73.319","73.312","73.325"
"00:01:50","73.332","73.324","73.306","73.332"
"00:01:51","73.332","73.331","73.326","73.332"
"00:01:52","73.313","73.322","73.313","73.329"
"00:01:53","73.326","73.330","73.323","73.340"
"00:01:54","73.320","73.332","73.320","73.340"
"00:01:55","73.340","73.322","73.314","73.340"
"00:01:56","73.327","73.336","73.327","73.347"
"00:01:57","73.341","73.329","73.321","73.341"
"00:01:58","73.341","73.341","73.334","73.347"
"00:01:59","73.341","73.341","73.321","73.354"
"00:02:00","73.328","73.341","73.328","73.355"
"00:02:01","73.328","73.330","73.322","73.341"
"00:02:02","73.296","73.308","73.296","73.322"
"00:02:03","73.303","73.297","73.289","73.303"
"00:02:04","73.276","73.284","73.276","73.296"
"00:02:05","73.276","73.270","73.263","73.276"
"00:02:06","73.243","73.256","73.243","73.270"
"00:02:07","73.244","73.248","73.244","73.257"
"00:02:08","73.264","73.246","73.237","73.264"
"00:02:09","73.238","73.244","73.238","73.254"
"00:02:10","73.218","73.222","73.205","73.234"
"00:02:11","73.205","73.207","73.205","73.215"
"00:02:12","73.192","73.194","73.192","73.199"
"00:02:13","73.192","73.191","73.186","73.192"
"00:02:14","73.173","73.184","73.173","73.192"
"00:02:15","73.160","73.172","73.160","73.186"
"00:02:16","73.147","73.163","73.147","73.173"
"00:02:17","73.134","73.143","73.127","73.160"
"00:02:18","73.134","73.135","73.127","73.140"
"00:02:19","73.147","73.149","73.144","73.154"
"00:02:20","73.148","73.144","73.134","73.154"
"00:02:21","73.141","73.135","73.128","73.144"
"00:02:22","73.161","73.144","73.135","73.161"
"00:02:23","73.155","73.151","73.148","73.155"
"00:02:24","73.175","73.165","73.149","73.182"
"00:02:25","73.202","73.192","73.178","73.202"
"00:02:26","73.202","73.203","73.202","73.209"
"00:02:27","73.209","73.205","73.196","73.209"
"00:02:28","73.183","73.191","73.183","73.199"
"00:02:29","73.183","73.180","73.176","73.190"
"00:02:30","73.177","73.182","73.176","73.196"
"00:02:31","73.184","73.181","73.170","73.190"
"00:02:32","73.171","73.176","73.170","73.184"
"00:02:33","73.158","73.169","73.158","73.177"
"00:02:34","73.145","73.153","73.144","73.158"
"00:02:35","73.118","73.122","73.118","73.131"
"00:02:36","73.118","73.117","73.105","73.125"
"00:02:37","73.092","73.107","73.092","73.119"
"00:02:38","73.099","73.101","73.096","73.106"
"00:02:39","73.093","73.101","73.093","73.106"
"00:02:40","73.113","73.112","73.099","73.119"
"00:02:41","73.113","73.112","73.106","73.113"
"00:02:42","73.127","73.110","73.100","73.127"
"00:02:43","73.114","73.120","73.114","73.127"
"00:02:44","73.127","73.122","73.114","73.127"
"00:02:45","73.121","73.122","73.114","73.127"
"00:02:46","73.121","73.125","73.121","73.134"
"00:02:47","73.135","73.138","73.128","73.148"
"00:02:48","73.128","73.134","73.121","73.148"
"00:02:49","73.088","73.106","73.088","73.118"
"00:02:50","73.096","73.096","73.095","73.102"
"00:02:51","73.062","73.083","73.062","73.096"
"00:02:52","73.063","73.060","73.056","73.063"
"00:02:53","73.050","73.056","73.043","73.063"
"00:02:54","73.043","73.056","73.043","73.070"
"00:02:55","73.004","73.020","73.004","73.037"
"00:02:56","73.011","73.012","72.998","73.024"
"00:02:57","72.985","72.990","72.978","73.004"
"00:02:58","72.965","72.972","72.958","72.985"
"00:02:59","72.972","72.966","72.958","72.972"
"00:03:00","72.979","72.980","72.972","72.985"
"00:03:01","72.979","72.972","72.959","72.985"
"00:03:02","72.973","72.973","72.966","72.979"
"00:03:03","72.993","72.981","72.976","72.993"
"00:03:04","72.973","72.978","72.966","72.989"
"00:03:05","72.993","72.984","72.973","73.000"
"00:03:06","73.013","73.005","72.993","73.013"
"00:03:07","73.040","73.028","73.020","73.040"
"00:03:08","73.060","73.047","73.033","73.060"
"00:03:09","73.067","73.064","73.060","73.067"
"00:03:10","73.021","73.036","73.021","73.054"
"00:03:11","72.995","73.008","72.995","73.018"
"00:03:12","73.015","73.006","72.995","73.015"
"00:03:13","72.968","72.991","72.968","73.008"
"00:03:14","72.976","72.974","72.962","72.982"
"00:03:15","73.002","72.985","72.969","73.002"
"00:03:16","73.016","73.004","72.996","73.016"
"00:03:17","73.036","73.033","73.022","73.049"
"00:03:18","73.063","73.045","73.029","73.063"
"00:03:19","73.063","73.052","73.043","73.063"
"00:03:20","73.010","73.036","73.010","73.053"
"00:03:21","72.964","72.985","72.964","73.007"
"00:03:22","72.938","72.952","72.938","72.964"
"00:03:23","72.925","72.930","72.924","72.938"
"00:03:24","72.938","72.933","72.918","72.938"
"00:03:25","72.972","72.955","72.938","72.972"
"00:03:26","73.012","73.001","72.978","73.018"
"00:03:27","73.032","73.024","73.015","73.032"
"00:03:28","73.105","73.068","73.042","73.105"
"00:03:29","73.145","73.136","73.111","73.151"
"00:03:30","73.132","73.139","73.118","73.158"
"00:03:31","73.105","73.116","73.105","73.128"
"00:03:32","73.092","73.106","73.092","73.119"
"00:03:33","73.079","73.089","73.079","73.092"
"00:03:34","73.099","73.093","73.083","73.106"
"00:03:35","73.086","73.088","73.080","73.099"
"00:03:36","73.067","73.077","73.067","73.087"
"00:03:37","73.040","73.070","73.040","73.087"
"00:03:38","73.028","73.040","73.028","73.047"
"00:03:39","73.021","73.021","73.001","73.034"
"00:03:40","73.028","73.018","73.008","73.028"
"00:03:41","73.055","73.038","73.021","73.055"
"00:03:42","73.068","73.054","73.041","73.068"
"00:03:43","73.068","73.075","73.068","73.082"
"00:03:44","73.075","73.078","73.069","73.088"
"00:03:45","73.062","73.064","73.056","73.069"
"00:03:46","73.056","73.059","73.056","73.062"
"00:03:47","73.043","73.042","73.036","73.053"
"00:03:48","73.043","73.051","73.043","73.063"
"00:03:49","73.043","73.045","73.043","73.050"
"00:03:50","73.044","73.050","73.044","73.057"
"00:03:51","73.050","73.049","73.044","73.057"
"00:03:52","73.018","73.024","73.011","73.037"
"00:03:53","73.018","73.020","73.011","73.025"
"00:03:54","73.018","73.018","73.005","73.025"
"00:03:55","72.992","73.002","72.992","73.012"
"00:03:56","72.992","72.996","72.992","72.999"
"00:03:57","72.999","72.995","72.986","72.999"
"00:03:58","72.986","72.988","72.966","72.999"
"00:03:59","72.960","72.967","72.953","72.979"
"00:04:00","72.940","72.947","72.940","72.953"
"00:04:01","72.940","72.943","72.940","72.947"
"00:04:02","72.927","72.934","72.921","72.947"
"00:04:03","72.934","72.938","72.930","72.954"
"00:04:04","72.947","72.943","72.934","72.947"
"00:04:05","72.934","72.942","72.934","72.948"
"00:04:06","72.955","72.958","72.948","72.968"
"00:04:07","72.988","72.981","72.965","72.988"
"00:04:08","72.968","72.984","72.968","72.988"
"00:04:09","72.949","72.956","72.949","72.968"
"00:04:10","72.936","72.940","72.935","72.955"
"00:04:11","72.949","72.947","72.942","72.956"
"00:04:12","72.976","72.968","72.956","72.982"
"00:04:13","72.976","72.965","72.956","72.976"
"00:04:14","73.016","73.001","72.976","73.016"
"00:04:15","72.990","72.994","72.983","73.010"
"00:04:16","73.023","72.999","72.983","73.023"
"00:04:17","73.030","73.036","73.030","73.043"
"00:04:18","72.997","73.015","72.997","73.030"
"00:04:19","72.991","73.002","72.991","73.011"
"00:04:20","72.971","72.985","72.971","73.004"
"00:04:21","72.978","72.987","72.978","72.998"
"00:04:22","72.945","72.963","72.945","72.975"
"00:04:23","72.965","72.946","72.932","72.965"
"00:04:24","73.038","72.999","72.968","73.038"
"00:04:25","73.032","73.034","73.019","73.045"
"00:04:26","73.039","73.049","73.039","73.065"
"00:04:27","73.052","73.046","73.039","73.059"
"00:04:28","73.006","73.026","73.006","73.046"
"00:04:29","72.967","72.975","72.967","72.993"
"00:04:30","72.907","72.935","72.907","72.957"
"00:04:31","72.881","72.885","72.874","72.901"
"00:04:32","72.842","72.865","72.842","72.881"
"00:04:33","72.828","72.840","72.828","72.848"
"00:04:34","72.842","72.831","72.822","72.842"
"00:04:35","72.849","72.847","72.842","72.855"
"00:04:36","72.829","72.837","72.829","72.846"
"00:04:37","72.843","72.839","72.829","72.849"
"00:04:38","72.829","72.835","72.829","72.839"
"00:04:39","72.837","72.835","72.823","72.843"
"00:04:40","72.830","72.840","72.830","72.857"
"00:04:41","72.870","72.861","72.843","72.870"
"00:04:42","72.877","72.871","72.863","72.877"
"00:04:43","72.864","72.872","72.864","72.877"
"00:04:44","72.838","72.847","72.837","72.851"
"00:04:45","72.845","72.843","72.838","72.851"
"00:04:46","72.845","72.842","72.831","72.852"
"00:04:47","72.865","72.845","72.832","72.865"
"00:04:48","72.845","72.841","72.825","72.845"
"00:04:49","72.872","72.848","72.832","72.872"
"00:04:50","72.859","72.855","72.846","72.865"
"00:04:51","72.872","72.878","72.866","72.892"
"00:04:52","72.939","72.914","72.886","72.939"
"00:04:53","72.986","72.962","72.942","72.986"
"00:04:54","72.999","73.001","72.995","73.005"
"00:04:55","72.953","72.981","72.953","73.005"
"00:04:56","72.953","72.953","72.946","72.960"
"00:04:57","72.920","72.936","72.920","72.950"
"00:04:58","72.947","72.939","72.923","72.947"
"00:04:59","72.980","72.972","72.953","72.987"
"00:05:00","73.000","72.994","72.987","73.000"
"00:05:01","73.014","73.011","73.000","73.027"
"00:05:02","73.014","73.014","73.000","73.020"
"00:05:03","73.027","73.028","73.017","73.034"
"00:05:04","73.034","73.034","73.021","73.041"
"00:05:05","73.041","73.031","73.021","73.041"
"00:05:06","73.068","73.052","73.044","73.068"
"00:05:07","73.233","73.123","73.084","73.233"
"00:05:08","73.505","73.481","73.356","73.512"
"00:05:09","73.578","73.535","73.505","73.578"
"00:05:10","73.572","73.579","73.572","73.585"
"00:05:11","73.572","73.572","73.565","73.586"
"00:05:12","73.539","73.520","73.447","73.549"
"00:05:13","73.599","73.570","73.549","73.599"
"00:05:14","73.659","73.648","73.609","73.679"
"00:05:15","73.686","73.691","73.669","73.706"
"00:05:16","73.647","73.658","73.647","73.680"
"00:05:17","73.614","73.620","73.607","73.640"
"00:05:18","73.688","73.641","73.614","73.688"
"00:05:19","73.880","73.787","73.697","73.880"
"00:05:20","74.086","74.010","73.910","74.086"
"00:05:21","74.205","74.169","74.106","74.205"
"00:05:22","74.358","74.280","74.212","74.358"
"00:05:23","74.511","74.453","74.381","74.511"
"00:05:24","74.545","74.515","74.498","74.545"
"00:05:25","74.591","74.591","74.571","74.611"
"00:05:26","74.625","74.627","74.598","74.644"
"00:05:27","74.658","74.637","74.611","74.658"
"00:05:28","74.632","74.652","74.632","74.665"
"00:05:29","74.573","74.605","74.573","74.626"
"00:05:30","74.567","74.552","74.533","74.567"
"00:05:31","74.819","74.693","74.583","74.819"
"00:05:32","75.031","74.916","74.825","75.031"
"00:05:33","75.396","75.237","75.064","75.396"
"00:05:34","75.542","75.489","75.412","75.542"
"00:05:35","75.562","75.562","75.549","75.575"
"00:05:36","75.483","75.517","75.483","75.552"
"00:05:37","75.311","75.387","75.311","75.463"
"00:05:38","75.265","75.279","75.265","75.305"
"00:05:39","75.365","75.292","75.245","75.365"
"00:05:40","75.524","75.474","75.395","75.524"
"00:05:41","75.498","75.522","75.498","75.538"
"00:05:42","75.439","75.461","75.439","75.491"
"00:05:43","75.386","75.397","75.379","75.426"
"00:05:44","75.406","75.397","75.393","75.406"
"00:05:45","75.413","75.414","75.406","75.420"
"00:05:46","75.400","75.397","75.387","75.407"
"00:05:47","75.414","75.409","75.404","75.414"
"00:05:48","75.467","75.434","75.417","75.467"
"00:05:49","75.706","75.584","75.484","75.706"
"00:05:50","75.985","75.875","75.743","75.985"
"00:05:51","76.025","76.020","75.998","76.031"
"00:05:52","76.051","76.043","76.031","76.051"
"00:05:53","76.072","76.056","76.051","76.072"
"00:05:54","75.900","75.989","75.900","76.062"
"00:05:55","75.702","75.789","75.702","75.890"
"00:05:56","75.602","75.638","75.602","75.678"
"00:05:57","75.576","75.578","75.563","75.596"
"00:05:58","75.762","75.656","75.586","75.762"
"00:05:59","75.941","75.902","75.792","75.954"
"00:06:00","75.796","75.853","75.796","75.925"
"00:06:01","75.823","75.808","75.783","75.829"
"00:06:02","75.750","75.781","75.750","75.813"
"00:06:03","75.624","75.689","75.624","75.743"
"00:06:04","75.605","75.602","75.585","75.624"
"00:06:05","75.824","75.733","75.625","75.824"
"00:06:06","75.758","75.786","75.758","75.824"
"00:06:07","75.699","75.724","75.699","75.755"
"00:06:08","75.646","75.675","75.646","75.692"
"00:06:09","75.779","75.690","75.649","75.779"
"00:06:10","75.892","75.860","75.796","75.892"
"00:06:11","75.952","75.917","75.895","75.952"
"00:06:12","76.217","76.066","75.958","76.217"
"00:06:13","76.635","76.459","76.260","76.635"
"00:06:14","76.701","76.711","76.661","76.734"
"00:06:15","76.602","76.652","76.602","76.695"
"00:06:16","76.576","76.580","76.576","76.589"
"00:06:17","76.444","76.522","76.444","76.576"
"00:06:18","76.537","76.471","76.431","76.537"
"00:06:19","76.451","76.483","76.451","76.521"
"00:06:20","","","",""
"00:06:21","","","",""
"00:06:22","","","",""
"00:06:23","","","",""
"00:06:24","","","",""
"00:06:25","","","",""
"00:06:26","","","",""
"00:06:27","","","",""
"00:06:28","","","",""
"00:06:29","","","",""
"00:06:30","","","",""
"00:06:31","","","",""
"00:06:32","","","",""
"00:06:33","","","",""
"00:06:34","","","",""
"00:06:35","","","",""
"00:06:36","","","",""
"00:06:37","","","",""
"00:06:38","","","",""
"00:06:39","","","",""
"00:06:40","","","",""
"00:06:41","","","",""
"00:06:42","","","",""
"00:06:43","","","",""
"00:06:44","","","",""
"00:06:45","","","",""
"00:06:46","","","",""
"00:06:47","","","",""
"00:06:48","","","",""
"00:06:49","","","",""
"00:06:50","","","",""
"00:06:51","","","",""
"00:06:52","","","",""
"00:06:53","","","",""
"00:06:54","","","",""
"00:06:55","","","",""
"00:06:56","","","",""
"00:06:57","","","",""
"00:06:58","","","",""
"00:06:59","","","",""
"00:07:00","","","",""
"00:07:01","","","",""
"00:07:02","","","",""
"00:07:03","","","",""
"00:07:04","","","",""
"00:07:05","","","",""
"00:07:06","","","",""
"00:07:07","","","",""
"00:07:08","","","",""
"00:07:09","","","",""
"00:07:10","","","",""
"00:07:11","","","",""
"00:07:12","","","",""
"00:07:13","","","",""
"00:07:14","","","",""
"00:07:15","","","",""
"00:07:16","","","",""
"00:07:17","","","",""
"00:07:18","","","",""
"00:07:19","","","",""
"00:07:20","","","",""
"00:07:21","","","",""
"00:07:22","","","",""
"00:07:23","","","",""
"00:07:24","","","",""
"00:07:25","","","",""
"00:07:26","","","",""
"00:07:27","","","",""
"00:07:28","","","",""
"00:07:29","","","",""
"00:07:30","","","",""
"00:07:31","","","",""
"00:07:32","","","",""
"00:07:33","","","",""
"00:07:34","","","",""
"00:07:35","","","",""
"00:07:36","","","",""
"00:07:37","","","",""
"00:07:38","","","",""
"00:07:39","","","",""
"00:07:40","","","",""
"00:07:41","","","",""
"00:07:42","","","",""
"00:07:43","","","",""
"00:07:44","","","",""
"00:07:45","","","",""
"00:07:46","","","",""
"00:07:47","","","",""
"00:07:48","","","",""
"00:07:49","","","",""
"00:07:50","","","",""
"00:07:51","","","",""
"00:07:52","","","",""
"00:07:53","","","",""
"00:07:54","","","",""
"00:07:55","","","",""
"00:07:56","","","",""
"00:07:57","","","",""
"00:07:58","","","",""
"00:07:59","","","",""
"00:08:00","","","",""
"00:08:01","","","",""
"00:08:02","","","",""
"00:08:03","","","",""
"00:08:04","","","",""
"00:08:05","","","",""
"00:08:06","","","",""
"00:08:07","","","",""
"00:08:08","","","",""
"00:08:09","","","",""
"00:08:10","","","",""
"00:08:11","","","",""
"00:08:12","","","",""
"00:08:13","","","",""
"00:08:14","","","",""
"00:08:15","","","",""
"00:08:16","","","",""
"00:08:17","","","",""
"00:08:18","","","",""
"00:08:19","","","",""
"00:08:20","","","",""
"00:08:21","","","",""
"00:08:22","","","",""
"00:08:23","","","",""
"00:08:24","","","",""
"00:08:25","","","",""
"00:08:26","","","",""
"00:08:27","","","",""
"00:08:28","","","",""
"00:08:29","","","",""
"00:08:30","","","",""
"00:08:31","","","",""
"00:08:32","","","",""
"00:08:33","","","",""
"00:08:34","","","",""
"00:08:35","","","",""
"00:08:36","","","",""
"00:08:37","","","",""
"00:08:38","","","",""
"00:08:39","","","",""
"00:08:40","","","",""
"00:08:41","","","",""
"00:08:42","","","",""
"00:08:43","","","",""
"00:08:44","","","",""
"00:08:45","","","",""
"00:08:46","","","",""
"00:08:47","","","",""
"00:08:48","","","",""
"00:08:49","","","",""
"00:08:50","","","",""
"00:08:51","","","",""
"00:08:52","","","",""
"00:08:53","","","",""
"00:08:54","","","",""
"00:08:55","","","",""
"00:08:56","","","",""
"00:08:57","","","",""
"00:08:58","","","",""
"00:08:59","","","",""
"00:09:00","","","",""
"00:09:01","","","",""
"00:09:02","","","",""
"00:09:03","","","",""
"00:09:04","","","",""
"00:09:05","","","",""
"00:09:06","","","",""
"00:09:07","","","",""
"00:09:08","","","",""
"00:09:09","","","",""
"00:09:10","","","",""
"00:09:11","","","",""
"00:09:12","","","",""
"00:09:13","","","",""
"00:09:14","","","",""
"00:09:15","","","",""
"00:09:16","","","",""
"00:09:17","","","",""
"00:09:18","","","",""
"00:09:19","","","",""
"00:09:20","","","",""
"00:09:21","","","",""
"00:09:22","","","",""
"00:09:23","","","",""
"00:09:24","","","",""
"00:09:25","","","",""
"00:09:26","","","",""
"00:09:27","","","",""
"00:09:28","","","",""
"00:09:29","","","",""
"00:09:30","","","",""
"00:09:31","","","",""
"00:09:32","","","",""
"00:09:33","","","",""
"00:09:34","","","",""
"00:09:35","","","",""
"00:09:36","","","",""
"00:09:37","","","",""
"00:09:38","","","",""
"00:09:39","","","",""
"00:09:40","","","",""
"00:09:41","","","",""
"00:09:42","","","",""
"00:09:43","","","",""
"00:09:44","","","",""
"00:09:45","","","",""
"00:09:46","","","",""
"00:09:47","","","",""
"00:09:48","","","",""
"00:09:49","","","",""
"00:09:50","","","",""
"00:09:51","","","",""
"00:09:52","","","",""
"00:09:53","","","",""
"00:09:54","","","",""
"00:09:55","","","",""
"00:09:56","","","",""
"00:09:57","","","",""
"00:09:58","","","",""
"00:09:59","","","",""
"00:10:00","","","",""
"00:10:01","","","",""
"00:10:02","","","",""
"00:10:03","","","",""
"00:10:04","","","",""
"00:10:05","","","",""
"00:10:06","","","",""
"00:10:07","","","",""
"00:10:08","","","",""
"00:10:09","","","",""
"00:10:10","","","",""
"00:10:11","","","",""
"00:10:12","","","",""
"00:10:13","","","",""
"00:10:14","","","",""
"00:10:15","","","",""
"00:10:16","","","",""
"00:10:17","","","",""
"00:10:18","","","",""
"00:10:19","","","",""
"00:10:20","","","",""
"00:10:21","","","",""
"00:10:22","","","",""
"00:10:23","","","",""
"00:10:24","","","",""
"00:10:25","","","",""
"00:10:26","","","",""
"00:10:27","","","",""
"00:10:28","","","",""
"00:10:29","","","",""
"00:10:30","","","",""
"00:10:31","","","",""
"00:10:32","","","",""
"00:10:33","","","",""
"00:10:34","","","",""
"00:10:35","","","",""
"00:10:36","","","",""
"00:10:37","","","",""
"00:10:38","","","",""
"00:10:39","","","",""
"00:10:40","","","",""
"00:10:41","","","",""
"00:10:42","","","",""
"00:10:43","","","",""
"00:10:44","","","",""
"00:10:45","","","",""
"00:10:46","","","",""
"00:10:47","","","",""
"00:10:48","","","",""
"00:10:49","","","",""
"00:10:50","","","",""
"00:10:51","","","",""
"00:10:52","","","",""
"00:10:53","","","",""
"00:10:54","","","",""
"00:10:55","","","",""
"00:10:56","","","",""
"00:10:57","","","",""
"00:10:58","","","",""
"00:10:59","","","",""
"00:11:00","","","",""
"00:11:01","","","",""
"00:11:02","","","",""
"00:11:03","","","",""
"00:11:04","","","",""
"00:11:05","","","",""
"00:11:06","","","",""
"00:11:07","","","",""
"00:11:08","","","",""
"00:11:09","","","",""
"00:11:10","","","",""
"00:11:11","","","",""
"00:11:12","","","",""
"00:11:13","","","",""
"00:11:14","","","",""
"00:11:15","","","",""
"00:11:16","","","",""
"00:11:17","","","",""
"00:11:18","","","",""
"00:11:19","","","",""
"00:11:20","","","",""
"00:11:21","","","",""
"00:11:22","","","",""
"00:11:23","","","",""
"00:11:24","","","",""
"00:11:25","","","",""
"00:11:26","","","",""
"00:11:27","","","",""
"00:11:28","","","",""
"00:11:29","","","",""
"00:11:30","","","",""
"00:11:31","","","",""
"00:11:32","","","",""
"00:11:33","","","",""
"00:11:34","","","",""
"00:11:35","","","",""
"00:11:36","","","",""
"00:11:37","","","",""
"00:11:38","","","",""
"00:11:39","","","",""
"00:11:40","","","",""
"00:11:41","","","",""
"00:11:42","","","",""
"00:11:43","","","",""
"00:11:44","","","",""
"00:11:45","","","",""
"00:11:46","","","",""
"00:11:47","","","",""
"00:11:48","","","",""
"00:11:49","","","",""
"00:11:50","","","",""
"00:11:51","","","",""
"00:11:52","","","",""
"00:11:53","","","",""
"00:11:54","","","",""
"00:11:55","","","",""
"00:11:56","","","",""
"00:11:57","","","",""
"00:11:58","","","",""
"00:11:59","","","",""
"00:12:00","","","",""
"00:12:01","","","",""
"00:12:02","","","",""
"00:12:03","","","",""
"00:12:04","","","",""
"00:12:05","","","",""
"00:12:06","","","",""
"00:12:07","","","",""
"00:12:08","","","",""
"00:12:09","","","",""
"00:12:10","","","",""
"00:12:11","","","",""
"00:12:12","","","",""
"00:12:13","","","",""
"00:12:14","","","",""
"00:12:15","","","",""
"00:12:16","","","",""
"00:12:17","","","",""
"00:12:18","","","",""
"00:12:19","","","",""
"00:12:20","","","",""
"00:12:21","","","",""
"00:12:22","","","",""
"00:12:23","","","",""
"00:12:24","","","",""
"00:12:25","","","",""
"00:12:26","","","",""
"00:12:27","","","",""
"00:12:28","","","",""
"00:12:29","","","",""
"00:12:30","","","",""
"00:12:31","","","",""
"00:12:32","","","",""
"00:12:33","","","",""
"00:12:34","","","",""
"00:12:35","","","",""
"00:12:36","","","",""
"00:12:37","","","",""
"00:12:38","","","",""
"00:12:39","","","",""
"00:12:40","","","",""
"00:12:41","","","",""
"00:12:42","","","",""
"00:12:43","","","",""
"00:12:44","","","",""
"00:12:45","","","",""
"00:12:46","","","",""
"00:12:47","","","",""
"00:12:48","","","",""
"00:12:49","","","",""
"00:12:50","","","",""
"00:12:51","","","",""
"00:12:52","","","",""
"00:12:53","","","",""
"00:12:54","","","",""
"00:12:55","","","",""
"00:12:56","","","",""
"00:12:57","","","",""
"00:12:58","","","",""
"00:12:59","","","",""
"00:13:00","","","",""
"00:13:01","","","",""
"00:13:02","","","",""
"00:13:03","","","",""
"00:13:04","","","",""
"00:13:05","","","",""
"00:13:06","","","",""
"00:13:07","","","",""
"00:13:08","","","",""
"00:13:09","","","",""
"00:13:10","","","",""
"00:13:11","","","",""
"00:13:12","","","",""
"00:13:13","","","",""
"00:13:14","","","",""
"00:13:15","","","",""
"00:13:16","","","",""
"00:13:17","","","",""
"00:13:18","","","",""
"00:13:19","","","",""
"00:13:20","","","",""
"00:13:21","","","",""
"00:13:22","","","",""
"00:13:23","","","",""
"00:13:24","","","",""
"00:13:25","","","",""
"00:13:26","","","",""
"00:13:27","","","",""
"00:13:28","","","",""
"00:13:29","","","",""
"00:13:30","","","",""
"00:13:31","","","",""
"00:13:32","","","",""
"00:13:33","","","",""
"00:13:34","","","",""
"00:13:35","","","",""
"00:13:36","","","",""
"00:13:37","","","",""
"00:13:38","","","",""
"00:13:39","","","",""
"00:13:40","","","",""
"00:13:41","","","",""
"00:13:42","","","",""
"00:13:43","","","",""
"00:13:44","","","",""
"00:13:45","","","",""
"00:13:46","","","",""
"00:13:47","","","",""
"00:13:48","","","",""
"00:13:49","","","",""
"00:13:50","","","",""
"00:13:51","","","",""
"00:13:52","","","",""
"00:13:53","","","",""
"00:13:54","","","",""
"00:13:55","","","",""
"00:13:56","","","",""
"00:13:57","","","",""
"00:13:58","","","",""
"00:13:59","","","",""
"00:14:00","","","",""
"00:14:01","","","",""
"00:14:02","","","",""
"00:14:03","","","",""
"00:14:04","","","",""
"00:14:05","","","",""
"00:14:06","","","",""
"00:14:07","","","",""
"00:14:08","","","",""
"00:14:09","","","",""
"00:14:10","","","",""
"00:14:11","","","",""
"00:14:12","","","",""
"00:14:13","","","",""
"00:14:14","","","",""
"00:14:15","","","",""
"00:14:16","","","",""
"00:14:17","","","",""
"00:14:18","","","",""
"00:14:19","","","",""
"00:14:20","","","",""
"00:14:21","","","",""
"00:14:22","","","",""
"00:14:23","","","",""
"00:14:24","","","",""
"00:14:25","","","",""
"00:14:26","","","",""
"00:14:27","","","",""
"00:14:28","","","",""
"00:14:29","","","",""
"00:14:30","","","",""
"00:14:31","","","",""
"00:14:32","","","",""
"00:14:33","","","",""
"00:14:34","","","",""
"00:14:35","","","",""
"00:14:36","","","",""
"00:14:37","","","",""
"00:14:38","","","",""
"00:14:39","","","",""
"00:14:40","","","",""
"00:14:41","","","",""
"00:14:42","","","",""
"00:14:43","","","",""
"00:14:44","","","",""
"00:14:45","","","",""
"00:14:46","","","",""
"00:14:47","","","",""
"00:14:48","","","",""
"00:14:49","","","",""
"00:14:50","","","",""
"00:14:51","","","",""
"00:14:52","","","",""
"00:14:53","","","",""
"00:14:54","","","",""
"00:14:55","","","",""
"00:14:56","","","",""
"00:14:57","","","",""
"00:14:58","","","",""
"00:14:59","","","",""
"00:15:00","","","",""
"00:15:01","","","",""
"00:15:02","","","",""
"00:15:03","","","",""
"00:15:04","","","",""
"00:15:05","","","",""
"00:15:06","","","",""
"00:15:07","","","",""
"00:15:08","","","",""
"00:15:09","","","",""
"00:15:10","","","",""
"00:15:11","","","",""
"00:15:12","","","",""
"00:15:13","","","",""
"00:15:14","","","",""
"00:15:15","","","",""
"00:15:16","","","",""
"00:15:17","","","",""
"00:15:18","","","",""
"00:15:19","","","",""
"00:15:20","","","",""
"00:15:21","","","",""
"00:15:22","","","",""
"00:15:23","","","",""
"00:15:24","","","",""
"00:15:25","","","",""
"00:15:26","","","",""
"00:15:27","","","",""
"00:15:28","","","",""
"00:15:29","","","",""
"00:15:30","","","",""
"00:15:31","","","",""
"00:15:32","","","",""
"00:15:33","","","",""
"00:15:34","","","",""
"00:15:35","","","",""
"00:15:36","","","",""
"00:15:37","","","",""
"00:15:38","","","",""
"00:15:39","","","",""
"00:15:40","","","",""
"00:15:41","","","",""
"00:15:42","","","",""
"00:15:43","","","",""
"00:15:44","","","",""
"00:15:45","","","",""
"00:15:46","","","",""
"00:15:47","","","",""
"00:15:48","","","",""
"00:15:49","","","",""
"00:15:50","","","",""
"00:15:51","","","",""
"00:15:52","","","",""
"00:15:53","","","",""
"00:15:54","","","",""
"00:15:55","","","",""
"00:15:56","","","",""
"00:15:57","","","",""
"00:15:58","","","",""
"00:15:59","","","",""
"00:16:00","","","",""
"00:16:01","","","",""
"00:16:02","","","",""
"00:16:03","","","",""
"00:16:04","","","",""
"00:16:05","","","",""
"00:16:06","","","",""
"00:16:07","","","",""
"00:16:08","","","",""
"00:16:09","","","",""
"00:16:10","","","",""
"00:16:11","","","",""
"00:16:12","","","",""
"00:16:13","","","",""
"00:16:14","","","",""
"00:16:15","","","",""
"00:16:16","","","",""
"00:16:17","","","",""
"00:16:18","","","",""
"00:16:19","","","",""
"00:16:20","","","",""
"00:16:21","","","",""
"00:16:22","","","",""
"00:16:23","","","",""
"00:16:24","","","",""
"00:16:25","","","",""
"00:16:26","","","",""
"00:16:27","","","",""
"00:16:28","","","",""
"00:16:29","","","",""
"00:16:30","","","",""
"00:16:31","","","",""
"00:16:32","","","",""
"00:16:33","","","",""
"00:16:34","","","",""
"00:16:35","","","",""
"00:16:36","","","",""
"00:16:37","","","",""
"00:16:38","","","",""
"00:16:39","","","",""
"00:16:40","","","",""
"00:16:41","","","",""
"00:16:42","","","",""
"00:16:43","","","",""
"00:16:44","","","",""
"00:16:45","","","",""
"00:16:46","","","",""
"00:16:47","","","",""
"00:16:48","","","",""
"00:16:49","","","",""
"00:16:50","","","",""
"00:16:51","","","",""
"00:16:52","","","",""
"00:16:53","","","",""
"00:16:54","","","",""
"00:16:55","","","",""
"00:16:56","","","",""
"00:16:57","","","",""
"00:16:58","","","",""
"00:16:59","","","",""
"00:17:00","","","",""
"00:17:01","","","",""
"00:17:02","","","",""
"00:17:03","","","",""
"00:17:04","","","",""
"00:17:05","","","",""
"00:17:06","","","",""
"00:17:07","","","",""
"00:17:08","","","",""
"00:17:09","","","",""
"00:17:10","","","",""
"00:17:11","","","",""
"00:17:12","","","",""
"00:17:13","","","",""
"00:17:14","","","",""
"00:17:15","","","",""
"00:17:16","","","",""
"00:17:17","","","",""
"00:17:18","","","",""
"00:17:19","","","",""
"00:17:20","","","",""
"00:17:21","","","",""
"00:17:22","","","",""
"00:17:23","","","",""
"00:17:24","","","",""
"00:17:25","","","",""
"00:17:26","","","",""
"00:17:27","","","",""
"00:17:28","","","",""
"00:17:29","","","",""
"00:17:30","","","",""
"00:17:31","","","",""
"00:17:32","","","",""
"00:17:33","","","",""
"00:17:34","","","",""
"00:17:35","","","",""
"00:17:36","","","",""
"00:17:37","","","",""
"00:17:38","","","",""
"00:17:39","","","",""
"00:17:40","","","",""
"00:17:41","","","",""
"00:17:42","","","",""
"00:17:43","","","",""
"00:17:44","","","",""
"00:17:45","","","",""
"00:17:46","","","",""
"00:17:47","","","",""
"00:17:48","","","",""
"00:17:49","","","",""
"00:17:50","","","",""
"00:17:51","","","",""
"00:17:52","","","",""
"00:17:53","","","",""
"00:17:54","","","",""
"00:17:55","","","",""
"00:17:56","","","",""
"00:17:57","","","",""
"00:17:58","","","",""
"00:17:59","","","",""
"00:18:00","","","",""
"00:18:01","","","",""
"00:18:02","","","",""
"00:18:03","","","",""
"00:18:04","","","",""
"00:18:05","","","",""
"00:18:06","","","",""
"00:18:07","","","",""
"00:18:08","","","",""
"00:18:09","","","",""
"00:18:10","","","",""
"00:18:11","","","",""
"00:18:12","","","",""
"00:18:13","","","",""
"00:18:14","","","",""
"00:18:15","","","",""
"00:18:16","","","",""
"00:18:17","","","",""
"00:18:18","","","",""
"00:18:19","","","",""
"00:18:20","","","",""
"00:18:21","","","",""
"00:18:22","","","",""
"00:18:23","","","",""
"00:18:24","","","",""
"00:18:25","","","",""
"00:18:26","","","",""
"00:18:27","","","",""
"00:18:28","","","",""
"00:18:29","","","",""
"00:18:30","","","",""
"00:18:31","","","",""
"00:18:32","","","",""
"00:18:33","","","",""
"00:18:34","","","",""
"00:18:35","","","",""
"00:18:36","","","",""
"00:18:37","","","",""
"00:18:38","","","",""
"00:18:39","","","",""
"00:18:40","","","",""
"00:18:41","","","",""
"00:18:42","","","",""
"00:18:43","","","",""
"00:18:44","","","",""
"00:18:45","","","",""
"00:18:46","","","",""
"00:18:47","","","",""
"00:18:48","","","",""
"00:18:49","","","",""
"00:18:50","","","",""
"00:18:51","","","",""
"00:18:52","","","",""
"00:18:53","","","",""
"00:18:54","","","",""
"00:18:55","","","",""
"00:18:56","","","",""
"00:18:57","","","",""
"00:18:58","","","",""
"00:18:59","","","",""
"00:19:00","","","",""
"00:19:01","","","",""
"00:19:02","","","",""
"00:19:03","","","",""
"00:19:04","","","",""
"00:19:05","","","",""
"00:19:06","","","",""
"00:19:07","","","",""
"00:19:08","","","",""
"00:19:09","","","",""
"00:19:10","","","",""
"00:19:11","","","",""
"00:19:12","","","",""
"00:19:13","","","",""
"00:19:14","","","",""
"00:19:15","","","",""
"00:19:16","","","",""
"00:19:17","","","",""
"00:19:18","","","",""
"00:19:19","","","",""
"00:19:20","","","",""
"00:19:21","","","",""
"00:19:22","","","",""
"00:19:23","","","",""
"00:19:24","","","",""
"00:19:25","","","",""
"00:19:26","","","",""
"00:19:27","","","",""
"00:19:28","","","",""
"00:19:29","","","",""
"00:19:30","","","",""
"00:19:31","","","",""
"00:19:32","","","",""
"00:19:33","","","",""
"00:19:34","","","",""
"00:19:35","","","",""
"00:19:36","","","",""
"00:19:37","","","",""
"00:19:38","","","",""
"00:19:39","","","",""
"00:19:40","","","",""
"00:19:41","","","",""
"00:19:42","","","",""
"00:19:43","","","",""
"00:19:44","","","",""
"00:19:45","","","",""
"00:19:46","","","",""
"00:19:47","","","",""
"00:19:48","","","",""
"00:19:49","","","",""
"00:19:50","","","",""
"00:19:51","","","",""
"00:19:52","","","",""
"00:19:53","","","",""
"00:19:54","","","",""
"00:19:55","","","",""
"00:19:56","","","",""
"00:19:57","","","",""
"00:19:58","","","",""
"00:19:59","","","",""
"00:20:00","","","",""
"00:20:01","","","",""
"00:20:02","","","",""
"00:20:03","","","",""
"00:20:04","","","",""
"00:20:05","","","",""
"00:20:06","","","",""
"00:20:07","","","",""
"00:20:08","","","",""
"00:20:09","","","",""
"00:20:10","","","",""
"00:20:11","","","",""
"00:20:12","","","",""
"00:20:13","","","",""
"00:20:14","","","",""
"00:20:15","","","",""
"00:20:16","","","",""
"00:20:17","","","",""
"00:20:18","","","",""
"00:20:19","","","",""
"00:20:20","","","",""
"00:20:21","","","",""
"00:20:22","","","",""
"00:20:23","","","",""
"00:20:24","","","",""
"00:20:25","","","",""
"00:20:26","","","",""
"00:20:27","","","",""
"00:20:28","","","",""
"00:20:29","","","",""
"00:20:30","","","",""
"00:20:31","","","",""
"00:20:32","","","",""
"00:20:33","","","",""
"00:20:34","","","",""
"00:20:35","","","",""
"00:20:36","","","",""
"00:20:37","","","",""
"00:20:38","","","",""
"00:20:39","","","",""
"00:20:40","","","",""
"00:20:41","","","",""
"00:20:42","","","",""
"00:20:43","","","",""
"00:20:44","","","",""
"00:20:45","","","",""
"00:20:46","","","",""
"00:20:47","","","",""
"00:20:48","","","",""
"00:20:49","","","",""
"00:20:50","","","",""
"00:20:51","","","",""
"00:20:52","","","",""
"00:20:53","","","",""
"00:20:54","","","",""
"00:20:55","","","",""
"00:20:56","","","",""
"00:20:57","","","",""
"00:20:58","","","",""
"00:20:59","","","",""
"00:21:00","","","",""
"00:21:01","","","",""
"00:21:02","","","",""
"00:21:03","","","",""
"00:21:04","","","",""
"00:21:05","","","",""
"00:21:06","","","",""
"00:21:07","","","",""
"00:21:08","","","",""
"00:21:09","","","",""
"00:21:10","","","",""
"00:21:11","","","",""
"00:21:12","","","",""
"00:21:13","","","",""
"00:21:14","","","",""
"00:21:15","","","",""
"00:21:16","","","",""
"00:21:17","","","",""
"00:21:18","","","",""
"00:21:19","","","",""
"00:21:20","","","",""
"00:21:21","","","",""
"00:21:22","","","",""
"00:21:23","","","",""
"00:21:24","","","",""
"00:21:25","","","",""
"00:21:26","","","",""
"00:21:27","","","",""
"00:21:28","","","",""
"00:21:29","","","",""
"00:21:30","","","",""
"00:21:31","","","",""
"00:21:32","","","",""
"00:21:33","","","",""
"00:21:34","","","",""
"00:21:35","","","",""
"00:21:36","","","",""
"00:21:37","","","",""
"00:21:38","","","",""
"00:21:39","","","",""
"00:21:40","","","",""
"00:21:41","","","",""
"00:21:42","","","",""
"00:21:43","","","",""
"00:21:44","","","",""
"00:21:45","","","",""
"00:21:46","","","",""
"00:21:47","","","",""
"00:21:48","","","",""
"00:21:49","","","",""
"00:21:50","","","",""
"00:21:51","","","",""
"00:21:52","","","",""
"00:21:53","","","",""
"00:21:54","","","",""
"00:21:55","","","",""
"00:21:56","","","",""
"00:21:57","","","",""
"00:21:58","","","",""
"00:21:59","","","",""
"00:22:00","","","",""
"00:22:01","","","",""
"00:22:02","","","",""
"00:22:03","","","",""
"00:22:04","","","",""
"00:22:05","","","",""
"00:22:06","","","",""
"00:22:07","","","",""
"00:22:08","","","",""
"00:22:09","","","",""
"00:22:10","","","",""
"00:22:11","","","",""
"00:22:12","","","",""
"00:22:13","","","",""
"00:22:14","","","",""
"00:22:15","","","",""
"00:22:16","","","",""
"00:22:17","","","",""
"00:22:18","","","",""
"00:22:19","","","",""
"00:22:20","","","",""
"00:22:21","","","",""
"00:22:22","","","",""
"00:22:23","","","",""
"00:22:24","","","",""
"00:22:25","","","",""
"00:22:26","","","",""
"00:22:27","","","",""
"00:22:28","","","",""
"00:22:29","","","",""
"00:22:30","","","",""
"00:22:31","","","",""
"00:22:32","","","",""
"00:22:33","","","",""
"00:22:34","","","",""
"00:22:35","","","",""
"00:22:36","","","",""
"00:22:37","","","",""
"00:22:38","","","",""
"00:22:39","","","",""
"00:22:40","","","",""
"00:22:41","","","",""
"00:22:42","","","",""
"00:22:43","","","",""
"00:22:44","","","",""
"00:22:45","","","",""
"00:22:46","","","",""
"00:22:47","","","",""
"00:22:48","","","",""
"00:22:49","","","",""
"00:22:50","","","",""
"00:22:51","","","",""
"00:22:52","","","",""
"00:22:53","","","",""
"00:22:54","","","",""
"00:22:55","","","",""
"00:22:56","","","",""
"00:22:57","","","",""
"00:22:58","","","",""
"00:22:59","","","",""
"00:23:00","","","",""
"00:23:01","","","",""
"00:23:02","","","",""
"00:23:03","","","",""
"00:23:04","","","",""
"00:23:05","","","",""
"00:23:06","","","",""
"00:23:07","","","",""
"00:23:08","","","",""
"00:23:09","","","",""
"00:23:10","","","",""
"00:23:11","","","",""
"00:23:12","","","",""
"00:23:13","","","",""
"00:23:14","","","",""
"00:23:15","","","",""
"00:23:16","","","",""
"00:23:17","","","",""
"00:23:18","","","",""
"00:23:19","","","",""
"00:23:20","","","",""
"00:23:21","","","",""
"00:23:22","","","",""
"00:23:23","","","",""
"00:23:24","","","",""
"00:23:25","","","",""
"00:23:26","","","",""
"00:23:27","","","",""
"00:23:28","","","",""
"00:23:29","","","",""
"00:23:30","","","",""
"00:23:31","","","",""
"00:23:32","","","",""
"00:23:33","","","",""
"00:23:34","","","",""
"00:23:35","","","",""
"00:23:36","","","",""
"00:23:37","","","",""
"00:23:38","","","",""
"00:23:39","","","",""
"00:23:40","","","",""
"00:23:41","","","",""
"00:23:42","","","",""
"00:23:43","","","",""
"00:23:44","","","",""
"00:23:45","","","",""
"00:23:46","","","",""
"00:23:47","","","",""
"00:23:48","","","",""
"00:23:49","","","",""
"00:23:50","","","",""
"00:23:51","","","",""
"00:23:52","","","",""
"00:23:53","","","",""
"00:23:54","","","",""
"00:23:55","","","",""
"00:23:56","","","",""
"00:23:57","","","",""
"00:23:58","","","",""
"00:23:59","","","",""
"00:24:00","","","",""
"00:24:01","","","",""
"00:24:02","","","",""
"00:24:03","","","",""
"00:24:04","","","",""
"00:24:05","","","",""
"00:24:06","","","",""
"00:24:07","","","",""
"00:24:08","","","",""
"00:24:09","","","",""
"00:24:10","","","",""
"00:24:11","","","",""
"00:24:12","","","",""
"00:24:13","","","",""
"00:24:14","","","",""
"00:24:15","","","",""
"00:24:16","","","",""
"00:24:17","","","",""
"00:24:18","","","",""
"00:24:19","","","",""
"00:24:20","","","",""
"00:24:21","","","",""
"00:24:22","","","",""
"00:24:23","","","",""
"00:24:24","","","",""
"00:24:25","","","",""
"00:24:26","","","",""
"00:24:27","","","",""
"00:24:28","","","",""
"00:24:29","","","",""
"00:24:30","","","",""
"00:24:31","","","",""
"00:24:32","","","",""
"00:24:33","","","",""
"00:24:34","","","",""
"00:24:35","","","",""
"00:24:36","","","",""
"00:24:37","","","",""
"00:24:38","","","",""
"00:24:39","","","",""
"00:24:40","","","",""
"00:24:41","","","",""
"00:24:42","","","",""
"00:24:43","","","",""
"00:24:44","","","",""
"00:24:45","","","",""
"00:24:46","","","",""
"00:24:47","","","",""
"00:24:48","","","",""
"00:24:49","","","",""
"00:24:50","","","",""
"00:24:51","","","",""
"00:24:52","","","",""
"00:24:53","","","",""
"00:24:54","","","",""
"00:24:55","","","",""
"00:24:56","","","",""
"00:24:57","","","",""
"00:24:58","","","",""
"00:24:59","","","",""
"00:25:00","","","",""
"00:25:01","","","",""
"00:25:02","","","",""
"00:25:03","","","",""
"00:25:04","","","",""
"00:25:05","","","",""
"00:25:06","","","",""
"00:25:07","","","",""
"00:25:08","","","",""
"00:25:09","","","",""
"00:25:10","","","",""
"00:25:11","","","",""
"00:25:12","","","",""
"00:25:13","","","",""
"00:25:14","","","",""
"00:25:15","","","",""
"00:25:16","","","",""
"00:25:17","","","",""
"00:25:18","","","",""
"00:25:19","","","",""
"00:25:20","","","",""
"00:25:21","","","",""
"00:25:22","","","",""
"00:25:23","","","",""
"00:25:24","","","",""
"00:25:25","","","",""
"00:25:26","","","",""
"00:25:27","","","",""
"00:25:28","","","",""
"00:25:29","","","",""
"00:25:30","","","",""
"00:25:31","","","",""
"00:25:32","","","",""
"00:25:33","","","",""
"00:25:34","","","",""
"00:25:35","","","",""
"00:25:36","","","",""
"00:25:37","","","",""
"00:25:38","","","",""
"00:25:39","","","",""
"00:25:40","","","",""
"00:25:41","","","",""
"00:25:42","","","",""
"00:25:43","","","",""
"00:25:44","","","",""
"00:25:45","","","",""
"00:25:46","","","",""
"00:25:47","","","",""
"00:25:48","","","",""
"00:25:49","","","",""
"00:25:50","","","",""
"00:25:51","","","",""
"00:25:52","","","",""
"00:25:53","","","",""
"00:25:54","","","",""
"00:25:55","","","",""
"00:25:56","","","",""
"00:25:57","","","",""
"00:25:58","","","",""
"00:25:59","","","",""
"00:26:00","","","",""
"00:26:01","","","",""
"00:26:02","","","",""
"00:26:03","","","",""
"00:26:04","","","",""
"00:26:05","","","",""
"00:26:06","","","",""
"00:26:07","","","",""
"00:26:08","","","",""
"00:26:09","","","",""
"00:26:10","","","",""
"00:26:11","","","",""
"00:26:12","","","",""
"00:26:13","","","",""
"00:26:14","","","",""
"00:26:15","","","",""
"00:26:16","","","",""
"00:26:17","","","",""
"00:26:18","","","",""
"00:26:19","","","",""
"00:26:20","","","",""
"00:26:21","","","",""
"00:26:22","","","",""
"00:26:23","","","",""
"00:26:24","","","",""
"00:26:25","","","",""
"00:26:26","","","",""
"00:26:27","","","",""
"00:26:28","","","",""
"00:26:29","","","",""
"00:26:30","","","",""
"00:26:31","","","",""
"00:26:32","","","",""
"00:26:33","","","",""
"00:26:34","","","",""
"00:26:35","","","",""
"00:26:36","","","",""
"00:26:37","","","",""
"00:26:38","","","",""
"00:26:39","","","",""
"00:26:40","","","",""
"00:26:41","","","",""
"00:26:42","","","",""
"00:26:43","","","",""
"00:26:44","","","",""
"00:26:45","","","",""
"00:26:46","","","",""
"00:26:47","","","",""
"00:26:48","","","",""
"00:26:49","","","",""
"00:26:50","","","",""
"00:26:51","","","",""
"00:26:52","","","",""
"00:26:53","","","",""
"00:26:54","","","",""
"00:26:55","","","",""
"00:26:56","","","",""
"00:26:57","","","",""
"00:26:58","","","",""
"00:26:59","","","",""
"00:27:00","","","",""
"00:27:01","","","",""
"00:27:02","","","",""
"00:27:03","","","",""
"00:27:04","","","",""
"00:27:05","","","",""
"00:27:06","","","",""
"00:27:07","","","",""
"00:27:08","","","",""
"00:27:09","","","",""
"00:27:10","","","",""
"00:27:11","","","",""
"00:27:12","","","",""
"00:27:13","","","",""
"00:27:14","","","",""
"00:27:15","","","",""
"00:27:16","","","",""
"00:27:17","","","",""
"00:27:18","","","",""
"00:27:19","","","",""
"00:27:20","","","",""
"00:27:21","","","",""
"00:27:22","","","",""
"00:27:23","","","",""
"00:27:24","","","",""
"00:27:25","","","",""
"00:27:26","","","",""
"00:27:27","","","",""
"00:27:28","","","",""
"00:27:29","","","",""
"00:27:30","","","",""
"00:27:31","","","",""
"00:27:32","","","",""
"00:27:33","","","",""
"00:27:34","","","",""
"00:27:35","","","",""
"00:27:36","","","",""
"00:27:37","","","",""
"00:27:38","","","",""
"00:27:39","","","",""
"00:27:40","","","",""
"00:27:41","","","",""
"00:27:42","","","",""
"00:27:43","","","",""
"00:27:44","","","",""
"00:27:45","","","",""
"00:27:46","","","",""
"00:27:47","","","",""
"00:27:48","","","",""
"00:27:49","","","",""
"00:27:50","","","",""
"00:27:51","","","",""
"00:27:52","","","",""
"00:27:53","","","",""
"00:27:54","","","",""
"00:27:55","","","",""
"00:27:56","","","",""
"00:27:57","","","",""
"00:27:58","","","",""
"00:27:59","","","",""
"00:28:00","","","",""
"00:28:01","","","",""
"00:28:02","","","",""
"00:28:03","","","",""
"00:28:04","","","",""
"00:28:05","","","",""
"00:28:06","","","",""
"00:28:07","","","",""
"00:28:08","","","",""
"00:28:09","","","",""
"00:28:10","","","",""
"00:28:11","","","",""
"00:28:12","","","",""
"00:28:13","","","",""
"00:28:14","","","",""
"00:28:15","","","",""
"00:28:16","","","",""
"00:28:17","","","",""
"00:28:18","","","",""
"00:28:19","","","",""
"00:28:20","","","",""
"00:28:21","","","",""
"00:28:22","","","",""
"00:28:23","","","",""
"00:28:24","","","",""
"00:28:25","","","",""
"00:28:26","","","",""
"00:28:27","","","",""
"00:28:28","","","",""
"00:28:29","","","",""
"00:28:30","","","",""
"00:28:31","","","",""
"00:28:32","","","",""
"00:28:33","","","",""
"00:28:34","","","",""
"00:28:35","","","",""
"00:28:36","","","",""
"00:28:37","","","",""
"00:28:38","","","",""
"00:28:39","","","",""
"00:28:40","","","",""
"00:28:41","","","",""
"00:28:42","","","",""
"00:28:43","","","",""
"00:28:44","","","",""
"00:28:45","","","",""
"00:28:46","","","",""
"00:28:47","","","",""
"00:28:48","","","",""
"00:28:49","","","",""
"00:28:50","","","",""
"00:28:51","","","",""
"00:28:52","","","",""
"00:28:53","","","",""
"00:28:54","","","",""
"00:28:55","","","",""
"00:28:56","","","",""
"00:28:57","","","",""
"00:28:58","","","",""
"00:28:59","","","",""
"00:29:00","","","",""
"00:29:01","","","",""
"00:29:02","","","",""
"00:29:03","","","",""
"00:29:04","","","",""
"00:29:05","","","",""
"00:29:06","","","",""
"00:29:07","","","",""
"00:29:08","","","",""
"00:29:09","","","",""
"00:29:10","","","",""
"00:29:11","","","",""
"00:29:12","","","",""
"00:29:13","","","",""
"00:29:14","","","",""
"00:29:15","","","",""
"00:29:16","","","",""
"00:29:17","","","",""
"00:29:18","","","",""
"00:29:19","","","",""
"00:29:20","","","",""
"00:29:21","","","",""
"00:29:22","","","",""
"00:29:23","","","",""
"00:29:24","","","",""
"00:29:25","","","",""
"00:29:26","","","",""
"00:29:27","","","",""
"00:29:28","","","",""
"00:29:29","","","",""
"00:29:30","","","",""
"00:29:31","","","",""
"00:29:32","","","",""
"00:29:33","","","",""
"00:29:34","","","",""
"00:29:35","","","",""
"00:29:36","","","",""
"00:29:37","","","",""
"00:29:38","","","",""
"00:29:39","","","",""
"00:29:40","","","",""
"00:29:41","","","",""
"00:29:42","","","",""
"00:29:43","","","",""
"00:29:44","","","",""
"00:29:45","","","",""
"00:29:46","","","",""
"00:29:47","","","",""
"00:29:48","","","",""
"00:29:49","","","",""
"00:29:50","","","",""
"00:29:51","","","",""
"00:29:52","","","",""
"00:29:53","","","",""
"00:29:54","","","",""
"00:29:55","","","",""
"00:29:56","","","",""
"00:29:57","","","",""
"00:29:58","","","",""
"00:29:59","","","",""
"00:30:00","","","",""
"00:30:01","","","",""
"00:30:02","","","",""
"00:30:03","","","",""
"00:30:04","","","",""
"00:30:05","","","",""
"00:30:06","","","",""
"00:30:07","","","",""
"00:30:08","","","",""
"00:30:09","","","",""
"00:30:10","","","",""
"00:30:11","","","",""
"00:30:12","","","",""
"00:30:13","","","",""
"00:30:14","","","",""
"00:30:15","","","",""
"00:30:16","","","",""
"00:30:17","","","",""
"00:30:18","","","",""
"00:30:19","","","",""
"00:30:20","","","",""
"00:30:21","","","",""
"00:30:22","","","",""
"00:30:23","","","",""
"00:30:24","","","",""
"00:30:25","","","",""
"00:30:26","","","",""
"00:30:27","","","",""
"00:30:28","","","",""
"00:30:29","","","",""
"00:30:30","","","",""
"00:30:31","","","",""
"00:30:32","","","",""
"00:30:33","","","",""
"00:30:34","","","",""
"00:30:35","","","",""
"00:30:36","","","",""
"00:30:37","","","",""
"00:30:38","","","",""
"00:30:39","","","",""
"00:30:40","","","",""
"00:30:41","","","",""
"00:30:42","","","",""
"00:30:43","","","",""
"00:30:44","","","",""
"00:30:45","","","",""
"00:30:46","","","",""
"00:30:47","","","",""
"00:30:48","","","",""
"00:30:49","","","",""
"00:30:50","","","",""
"00:30:51","","","",""
"00:30:52","","","",""
"00:30:53","","","",""
"00:30:54","","","",""
"00:30:55","","","",""
"00:30:56","","","",""
"00:30:57","","","",""
"00:30:58","","","",""
"00:30:59","","","",""
"00:31:00","","","",""
"00:31:01","","","",""
"00:31:02","","","",""
"00:31:03","","","",""
"00:31:04","","","",""
"00:31:05","","","",""
"00:31:06","","","",""
"00:31:07","","","",""
"00:31:08","","","",""
"00:31:09","","","",""
"00:31:10","","","",""
"00:31:11","","","",""
"00:31:12","","","",""
"00:31:13","","","",""
"00:31:14","","","",""
"00:31:15","","","",""
"00:31:16","","","",""
"00:31:17","","","",""
"00:31:18","","","",""
"00:31:19","","","",""
"00:31:20","","","",""
"00:31:21","","","",""
"00:31:22","","","",""
"00:31:23","","","",""
"00:31:24","","","",""
"00:31:25","","","",""
"00:31:26","","","",""
"00:31:27","","","",""
"00:31:28","","","",""
"00:31:29","","","",""
"00:31:30","","","",""
"00:31:31","","","",""
"00:31:32","","","",""
"00:31:33","","","",""
"00:31:34","","","",""
"00:31:35","","","",""
"00:31:36","","","",""
"00:31:37","","","",""
"00:31:38","","","",""
"00:31:39","","","",""
"00:31:40","","","",""
"00:31:41","","","",""
"00:31:42","","","",""
"00:31:43","","","",""
"00:31:44","","","",""
"00:31:45","","","",""
"00:31:46","","","",""
"00:31:47","","","",""
"00:31:48","","","",""
"00:31:49","","","",""
"00:31:50","","","",""
"00:31:51","","","",""
"00:31:52","","","",""
"00:31:53","","","",""
"00:31:54","","","",""
"00:31:55","","","",""
"00:31:56","","","",""
"00:31:57","","","",""
"00:31:58","","","",""
"00:31:59","","","",""
"00:32:00","","","",""
"00:32:01","","","",""
"00:32:02","","","",""
"00:32:03","","","",""
"00:32:04","","","",""
"00:32:05","","","",""
"00:32:06","","","",""
"00:32:07","","","",""
"00:32:08","","","",""
"00:32:09","","","",""
"00:32:10","","","",""
"00:32:11","","","",""
"00:32:12","","","",""
"00:32:13","","","",""
"00:32:14","","","",""
"00:32:15","","","",""
"00:32:16","","","",""
"00:32:17","","","",""
"00:32:18","","","",""
"00:32:19","","","",""
"00:32:20","","","",""
"00:32:21","","","",""
"00:32:22","","","",""
"00:32:23","","","",""
"00:32:24","","","",""
"00:32:25","","","",""
"00:32:26","","","",""
"00:32:27","","","",""
"00:32:28","","","",""
"00:32:29","","","",""
"00:32:30","","","",""
"00:32:31","","","",""
"00:32:32","","","",""
"00:32:33","","","",""
"00:32:34","","","",""
"00:32:35","","","",""
"00:32:36","","","",""
"00:32:37","","","",""
"00:32:38","","","",""
"00:32:39","","","",""
"00:32:40","","","",""
"00:32:41","","","",""
"00:32:42","","","",""
"00:32:43","","","",""
"00:32:44","","","",""
"00:32:45","","","",""
"00:32:46","","","",""
"00:32:47","","","",""
"00:32:48","","","",""
"00:32:49","","","",""
"00:32:50","","","",""
"00:32:51","","","",""
"00:32:52","","","",""
"00:32:53","","","",""
"00:32:54","","","",""
"00:32:55","","","",""
"00:32:56","","","",""
"00:32:57","","","",""
"00:32:58","","","",""
"00:32:59","","","",""
"00:33:00","","","",""
"00:33:01","","","",""
"00:33:02","","","",""
"00:33:03","","","",""
"00:33:04","","","",""
"00:33:05","","","",""
"00:33:06","","","",""
"00:33:07","","","",""
"00:33:08","","","",""
"00:33:09","","","",""
"00:33:10","","","",""
"00:33:11","","","",""
"00:33:12","","","",""
"00:33:13","","","",""
"00:33:14","","","",""
"00:33:15","","","",""
"00:33:16","","","",""
"00:33:17","","","",""
"00:33:18","","","",""
"00:33:19","","","",""
"00:33:20","","","",""
"00:33:21","","","",""
"00:33:22","","","",""
"00:33:23","","","",""
"00:33:24","","","",""
"00:33:25","","","",""
"00:33:26","","","",""
"00:33:27","","","",""
"00:33:28","","","",""
"00:33:29","","","",""
"00:33:30","","","",""
"00:33:31","","","",""
"00:33:32","","","",""
"00:33:33","","","",""
"00:33:34","","","",""
"00:33:35","","","",""
"00:33:36","","","",""
"00:33:37","","","",""
"00:33:38","","","",""
"00:33:39","","","",""
"00:33:40","","","",""
"00:33:41","","","",""
"00:33:42","","","",""
"00:33:43","","","",""
"00:33:44","","","",""
"00:33:45","","","",""
"00:33:46","","","",""
"00:33:47","","","",""
"00:33:48","","","",""
"00:33:49","","","",""
"00:33:50","","","",""
"00:33:51","","","",""
"00:33:52","","","",""
"00:33:53","","","",""
"00:33:54","","","",""
"00:33:55","","","",""
"00:33:56","","","",""
"00:33:57","","","",""
"00:33:58","","","",""
"00:33:59","","","",""
"00:34:00","","","",""
"00:34:01","","","",""
"00:34:02","","","",""
"00:34:03","","","",""
"00:34:04","","","",""
"00:34:05","","","",""
"00:34:06","","","",""
"00:34:07","","","",""
"00:34:08","","","",""
"00:34:09","","","",""
"00:34:10","","","",""
"00:34:11","","","",""
"00:34:12","","","",""
"00:34:13","","","",""
"00:34:14","","","",""
"00:34:15","","","",""
"00:34:16","","","",""
"00:34:17","","","",""
"00:34:18","","","",""
"00:34:19","","","",""
"00:34:20","","","",""
"00:34:21","","","",""
"00:34:22","","","",""
"00:34:23","","","",""
"00:34:24","","","",""
"00:34:25","","","",""
"00:34:26","","","",""
"00:34:27","","","",""
"00:34:28","","","",""
"00:34:29","","","",""
"00:34:30","","","",""
"00:34:31","","","",""
"00:34:32","","","",""
"00:34:33","","","",""
"00:34:34","","","",""
"00:34:35","","","",""
"00:34:36","","","",""
"00:34:37","","","",""
"00:34:38","","","",""
"00:34:39","","","",""
"00:34:40","","","",""
"00:34:41","","","",""
"00:34:42","","","",""
"00:34:43","","","",""
"00:34:44","","","",""
"00:34:45","","","",""
"00:34:46","","","",""
"00:34:47","","","",""
"00:34:48","","","",""
"00:34:49","","","",""
"00:34:50","","","",""
"00:34:51","","","",""
"00:34:52","","","",""
"00:34:53","","","",""
"00:34:54","","","",""
"00:34:55","","","",""
"00:34:56","","","",""
"00:34:57","","","",""
"00:34:58","","","",""
"00:34:59","","","",""
"00:35:00","","","",""
"00:35:01","","","",""
"00:35:02","","","",""
"00:35:03","","","",""
"00:35:04","","","",""
"00:35:05","","","",""
"00:35:06","","","",""
"00:35:07","","","",""
"00:35:08","","","",""
"00:35:09","","","",""
"00:35:10","","","",""
"00:35:11","","","",""
"00:35:12","","","",""
"00:35:13","","","",""
"00:35:14","","","",""
"00:35:15","","","",""
"00:35:16","","","",""
"00:35:17","","","",""
"00:35:18","","","",""
"00:35:19","","","",""
"00:35:20","","","",""
"00:35:21","","","",""
"00:35:22","","","",""
"00:35:23","","","",""
"00:35:24","","","",""
"00:35:25","","","",""
"00:35:26","","","",""
"00:35:27","","","",""
"00:35:28","","","",""
"00:35:29","","","",""
"00:35:30","","","",""
"00:35:31","","","",""
"00:35:32","","","",""
"00:35:33","","","",""
"00:35:34","","","",""
"00:35:35","","","",""
"00:35:36","","","",""
"00:35:37","","","",""
"00:35:38","","","",""
"00:35:39","","","",""
"00:35:40","","","",""
"00:35:41","","","",""
"00:35:42","","","",""
"00:35:43","","","",""
"00:35:44","","","",""
"00:35:45","","","",""
"00:35:46","","","",""
"00:35:47","","","",""
"00:35:48","","","",""
"00:35:49","","","",""
"00:35:50","","","",""
"00:35:51","","","",""
"00:35:52","","","",""
"00:35:53","","","",""
"00:35:54","","","",""
"00:35:55","","","",""
"00:35:56","","","",""
"00:35:57","","","",""
"00:35:58","","","",""
"00:35:59","","","",""
"00:36:00","","","",""
"00:36:01","","","",""
"00:36:02","","","",""
"00:36:03","","","",""
"00:36:04","","","",""
"00:36:05","","","",""
"00:36:06","","","",""
"00:36:07","","","",""
"00:36:08","","","",""
"00:36:09","","","",""
"00:36:10","","","",""
"00:36:11","","","",""
"00:36:12","","","",""
"00:36:13","","","",""
"00:36:14","","","",""
"00:36:15","","","",""
"00:36:16","","","",""
"00:36:17","","","",""
"00:36:18","","","",""
"00:36:19","","","",""
"00:36:20","","","",""
"00:36:21","","","",""
"00:36:22","","","",""
"00:36:23","","","",""
"00:36:24","","","",""
"00:36:25","","","",""
"00:36:26","","","",""
"00:36:27","","","",""
"00:36:28","","","",""
"00:36:29","","","",""
"00:36:30","","","",""
"00:36:31","","","",""
"00:36:32","","","",""
"00:36:33","","","",""
"00:36:34","","","",""
"00:36:35","","","",""
"00:36:36","","","",""
"00:36:37","","","",""
"00:36:38","","","",""
"00:36:39","","","",""
"00:36:40","","","",""
"00:36:41","","","",""
"00:36:42","","","",""
"00:36:43","","","",""
"00:36:44","","","",""
"00:36:45","","","",""
"00:36:46","","","",""
"00:36:47","","","",""
"00:36:48","","","",""
"00:36:49","","","",""
"00:36:50","","","",""
"00:36:51","","","",""
"00:36:52","","","",""
"00:36:53","","","",""
"00:36:54","","","",""
"00:36:55","","","",""
"00:36:56","","","",""
"00:36:57","","","",""
"00:36:58","","","",""
"00:36:59","","","",""
"00:37:00","","","",""
"00:37:01","","","",""
"00:37:02","","","",""
"00:37:03","","","",""
"00:37:04","","","",""
"00:37:05","","","",""
"00:37:06","","","",""
"00:37:07","","","",""
"00:37:08","","","",""
"00:37:09","","","",""
"00:37:10","","","",""
"00:37:11","","","",""
"00:37:12","","","",""
"00:37:13","","","",""
"00:37:14","","","",""
"00:37:15","","","",""
"00:37:16","","","",""
"00:37:17","","","",""
"00:37:18","","","",""
"00:37:19","","","",""
"00:37:20","","","",""
"00:37:21","","","",""
"00:37:22","","","",""
"00:37:23","","","",""
"00:37:24","","","",""
"00:37:25","","","",""
"00:37:26","","","",""
"00:37:27","","","",""
"00:37:28","","","",""
"00:37:29","","","",""
"00:37:30","","","",""
"00:37:31","","","",""
"00:37:32","","","",""
"00:37:33","","","",""
"00:37:34","","","",""
"00:37:35","","","",""
"00:37:36","","","",""
"00:37:37","","","",""
"00:37:38","","","",""
"00:37:39","","","",""
"00:37:40","","","",""
"00:37:41","","","",""
"00:37:42","","","",""
"00:37:43","","","",""
"00:37:44","","","",""
"00:37:45","","","",""
"00:37:46","","","",""
"00:37:47","","","",""
"00:37:48","","","",""
"00:37:49","","","",""
"00:37:50","","","",""
"00:37:51","","","",""
"00:37:52","","","",""
"00:37:53","","","",""
"00:37:54","","","",""
"00:37:55","","","",""
"00:37:56","","","",""
"00:37:57","","","",""
"00:37:58","","","",""
"00:37:59","","","",""
"00:38:00","","","",""
"00:38:01","","","",""
"00:38:02","","","",""
"00:38:03","","","",""
"00:38:04","","","",""
"00:38:05","","","",""
"00:38:06","","","",""
"00:38:07","","","",""
"00:38:08","","","",""
"00:38:09","","","",""
"00:38:10","","","",""
"00:38:11","","","",""
"00:38:12","","","",""
"00:38:13","","","",""
"00:38:14","","","",""
"00:38:15","","","",""
"00:38:16","","","",""
"00:38:17","","","",""
"00:38:18","","","",""
"00:38:19","","","",""
"00:38:20","","","",""
"00:38:21","","","",""
"00:38:22","","","",""
"00:38:23","","","",""
"00:38:24","","","",""
"00:38:25","","","",""
"00:38:26","","","",""
"00:38:27","","","",""
"00:38:28","","","",""
"00:38:29","","","",""
"00:38:30","","","",""
"00:38:31","","","",""
"00:38:32","","","",""
"00:38:33","","","",""
"00:38:34","","","",""
"00:38:35","","","",""
"00:38:36","","","",""
"00:38:37","","","",""
"00:38:38","","","",""
"00:38:39","","","",""
"00:38:40","","","",""
"00:38:41","","","",""
"00:38:42","","","",""
"00:38:43","","","",""
"00:38:44","","","",""
"00:38:45","","","",""
"00:38:46","","","",""
"00:38:47","","","",""
"00:38:48","","","",""
"00:38:49","","","",""
"00:38:50","","","",""
"00:38:51","","","",""
"00:38:52","","","",""
"00:38:53","","","",""
"00:38:54","","","",""
"00:38:55","","","",""
"00:38:56","","","",""
"00:38:57","","","",""
"00:38:58","","","",""
"00:38:59","","","",""
"00:39:00","","","",""
"00:39:01","","","",""
"00:39:02","","","",""
"00:39:03","","","",""
"00:39:04","","","",""
"00:39:05","","","",""
"00:39:06","","","",""
"00:39:07","","","",""
"00:39:08","","","",""
"00:39:09","","","",""
"00:39:10","","","",""
"00:39:11","","","",""
"00:39:12","","","",""
"00:39:13","","","",""
"00:39:14","","","",""
"00:39:15","","","",""
"00:39:16","","","",""
"00:39:17","","","",""
"00:39:18","","","",""
"00:39:19","","","",""
"00:39:20","","","",""
"00:39:21","","","",""
"00:39:22","","","",""
"00:39:23","","","",""
"00:39:24","","","",""
"00:39:25","","","",""
"00:39:26","","","",""
"00:39:27","","","",""
"00:39:28","","","",""
"00:39:29","","","",""
"00:39:30","","","",""
"00:39:31","","","",""
"00:39:32","","","",""
"00:39:33","","","",""
"00:39:34","","","",""
"00:39:35","","","",""
"00:39:36","","","",""
"00:39:37","","","",""
"00:39:38","","","",""
"00:39:39","","","",""
"00:39:40","","","",""
"00:39:41","","","",""
"00:39:42","","","",""
"00:39:43","","","",""
"00:39:44","","","",""
"00:39:45","","","",""
"00:39:46","","","",""
"00:39:47","","","",""
"00:39:48","","","",""
"00:39:49","","","",""
"00:39:50","","","",""
"00:39:51","","","",""
"00:39:52","","","",""
"00:39:53","","","",""
"00:39:54","","","",""
"00:39:55","","","",""
"00:39:56","","","",""
"00:39:57","","","",""
"00:39:58","","","",""
"00:39:59","","","",""
"00:40:00","","","",""
"00:40:01","","","",""
"00:40:02","","","",""
"00:40:03","","","",""
"00:40:04","","","",""
"00:40:05","","","",""
"00:40:06","","","",""
"00:40:07","","","",""
"00:40:08","","","",""
"00:40:09","","","",""
"00:40:10","","","",""
"00:40:11","","","",""
"00:40:12","","","",""
"00:40:13","","","",""
"00:40:14","","","",""
"00:40:15","","","",""
"00:40:16","","","",""
"00:40:17","","","",""
"00:40:18","","","",""
"00:40:19","","","",""
"00:40:20","","","",""
"00:40:21","","","",""
"00:40:22","","","",""
"00:40:23","","","",""
"00:40:24","","","",""
"00:40:25","","","",""
"00:40:26","","","",""
"00:40:27","","","",""
"00:40:28","","","",""
"00:40:29","","","",""
"00:40:30","","","",""
"00:40:31","","","",""
"00:40:32","","","",""
"00:40:33","","","",""
"00:40:34","","","",""
"00:40:35","","","",""
"00:40:36","","","",""
"00:40:37","","","",""
"00:40:38","","","",""
"00:40:39","","","",""
"00:40:40","","","",""
"00:40:41","","","",""
"00:40:42","","","",""
"00:40:43","","","",""
"00:40:44","","","",""
"00:40:45","","","",""
"00:40:46","","","",""
"00:40:47","","","",""
"00:40:48","","","",""
"00:40:49","","","",""
"00:40:50","","","",""
"00:40:51","","","",""
"00:40:52","","","",""
"00:40:53","","","",""
"00:40:54","","","",""
"00:40:55","","","",""
"00:40:56","","","",""
"00:40:57","","","",""
"00:40:58","73.006","73.001","72.996","73.006"
"00:40:59","73.038","73.024","73.009","73.038"
"00:41:00","73.071","73.056","73.041","73.071"
"00:41:01","73.067","73.069","73.067","73.074"
"00:41:02","73.037","73.054","73.037","73.067"
"00:41:03","73.013","73.021","73.013","73.033"
"00:41:04","73.011","73.010","73.006","73.013"
"00:41:05","72.987","73.000","72.987","73.013"
"00:41:06","72.964","72.974","72.964","72.982"
"00:41:07","72.949","72.953","72.949","72.959"
"00:41:08","72.932","72.936","72.932","72.945"
"00:41:09","72.931","72.932","72.931","72.932"
"00:41:10","","","",""
"00:41:11","","","",""
"00:41:12","","","",""
"00:41:13","","","",""
"00:41:14","","","",""
"00:41:15","","","",""
"00:41:16","","","",""
"00:41:17","","","",""
"00:41:18","","","",""
"00:41:19","","","",""
"00:41:20","72.637","72.634","72.631","72.637"
"00:41:21","72.669","72.655","72.640","72.669"
"00:41:22","72.701","72.687","72.672","72.701"
"00:41:23","72.688","72.692","72.688","72.698"
"00:41:24","72.654","72.663","72.654","72.678"
"00:41:25","72.654","72.653","72.641","72.661"
"00:41:26","72.660","72.655","72.647","72.660"
"00:41:27","72.627","72.644","72.627","72.657"
"00:41:28","72.620","72.629","72.613","72.640"
"00:41:29","72.626","72.622","72.613","72.626"
"00:41:30","72.619","72.623","72.612","72.632"
"00:41:31","72.612","72.610","72.605","72.612"
"00:41:32","72.618","72.607","72.598","72.618"
"00:41:33","72.611","72.613","72.604","72.624"
"00:41:34","72.597","72.600","72.591","72.608"
"00:41:35","72.577","72.582","72.577","72.594"
"00:41:36","72.570","72.571","72.570","72.574"
"00:41:37","72.570","72.563","72.557","72.570"
"00:41:38","72.530","72.550","72.530","72.567"
"00:41:39","72.549","72.544","72.530","72.549"
"00:41:40","72.536","72.535","72.529","72.543"
"00:41:41","72.522","72.528","72.522","72.535"
"00:41:42","72.502","72.508","72.502","72.515"
"00:41:43","72.501","72.506","72.501","72.515"
"00:41:44","72.488","72.497","72.481","72.515"
"00:41:45","72.481","72.481","72.474","72.488"
"00:41:46","72.487","72.486","72.474","72.494"
"00:41:47","72.506","72.493","72.480","72.506"
"00:41:48","72.460","72.483","72.460","72.500"
"00:41:49","72.466","72.461","72.447","72.466"
"00:41:50","72.446","72.456","72.446","72.466"
"00:41:51","72.439","72.447","72.439","72.459"
"00:41:52","72.458","72.446","72.439","72.458"
"00:41:53","72.425","72.440","72.425","72.452"
"00:41:54","72.431","72.423","72.418","72.431"
"00:41:55","72.437","72.429","72.424","72.437"
"00:41:56","72.430","72.436","72.424","72.444"
"00:41:57","72.424","72.429","72.424","72.437"
"00:41:58","72.417","72.417","72.410","72.424"
"00:41:59","72.410","72.405","72.397","72.410"
"00:42:00","72.402","72.406","72.402","72.409"
"00:42:01","72.389","72.395","72.389","72.402"
"00:42:02","72.382","72.380","72.376","72.389"
"00:42:03","72.388","72.383","72.375","72.388"
"00:42:04","72.375","72.386","72.375","72.395"
"00:42:05","72.368","72.370","72.348","72.388"
